source,rotation_deg,flip_lr,flip_ud,crop_top,crop_bottom,crop_left,crop_right,specimen
__global__,,,,15,15,15,15,Corrosion
HallAirCore/Corrosion/ChirpBackside/hall_aircore_corosion_backside_chirp_300x300_z1_20260121_102900.tdms,270,0,0,,,,,
HallAirCore/Corrosion/ChirpBackside/hall_aircore_corosion_backside_chirp_300x300_z2_20260121_142705.tdms,270,0,0,,,,,
HallAirCore/Corrosion/ChirpBackside/hall_aircore_corosion_backside_chirp_300x300_z3_20260121_182701.tdms,270,0,0,,,,,
HallAirCore/Corrosion/ChirpFrontside/hall_aircore_corosion_frontside_chirp_300x300_2.97_500-1500hz_z1_20260118_162411.tdms,0,0,0,,,,,
HallAirCore/Corrosion/ChirpFrontside/hall_aircore_corosion_frontside_chirp_300x300_2.97_500-1500hz_z2_20260118_194743.tdms,0,0,0,,,,,
HallAirCore/Corrosion/ChirpFrontside/hall_aircore_corosion_frontside_chirp_300x300_2.97_500-1500hz_z3_20260118_231219.tdms,0,0,0,,,,,
HallAirCore/Corrosion/GaussBackside/hall_aircore_corosion_backside_gaussian_300x300_1000hz_z1_20260120_230854.tdms,270,0,0,,,,,
HallAirCore/Corrosion/GaussBackside/hall_aircore_corosion_backside_gaussian_300x300_1000hz_z2_20260121_023224.tdms,270,0,0,,,,,
HallAirCore/Corrosion/GaussBackside/hall_aircore_corosion_backside_gaussian_300x300_1000hz_z3_20260121_055657.tdms,270,0,0,,,,,
HallAirCore/Corrosion/GaussFrontside/hall_aircore_corosion_frontside_gaussian_300x300_3.88_1000hz_z1_20260118_024203.tdms,0,0,0,,,,,
HallAirCore/Corrosion/GaussFrontside/hall_aircore_corosion_frontside_gaussian_300x300_3.88_1000hz_z2_20260118_060535.tdms,0,0,0,,,,,
HallAirCore/Corrosion/GaussFrontside/hall_aircore_corosion_frontside_gaussian_300x300_3.88_1000hz_z3_20260118_125932.tdms,0,0,0,,,,,
HallAirCore/Corrosion/SquareBackside/hall_aircore_corosion_backside_square_300x300_200hz_z1_20260120_093410.tdms,270,0,0,,,,,
HallAirCore/Corrosion/SquareBackside/hall_aircore_corosion_backside_square_300x300_200hz_z2_20260120_161942.tdms,270,0,0,,,,,
HallAirCore/Corrosion/SquareBackside/hall_aircore_corosion_backside_square_300x300_200hz_z3_20260120_194414.tdms,270,0,0,,,,,
HallAirCore/Corrosion/SquareFrontside/hall_aircore_corosion_frontside_square_300x300_2.1_200hz_z1_20260117_162910.tdms,0,0,0,,,,,
HallAirCore/Corrosion/SquareFrontside/hall_aircore_corosion_frontside_square_300x300_2.1_200hz_z2_20260117_195246.tdms,0,0,0,,,,,
HallAirCore/Corrosion/SquareFrontside/hall_aircore_corosion_frontside_square_300x300_2.1_200hz_z3_20260117_231721.tdms,0,0,0,,,,,
HallAirCore/Mixed/Chirp/hall_aircore_mixed_frontside_chirp_300x300_z1_20260125_215812.tdms,270,0,0,,,,,
HallAirCore/Mixed/Chirp/hall_aircore_mixed_frontside_chirp_300x300_z2_20260126_012142.tdms,270,0,0,,,,,
HallAirCore/Mixed/Chirp/hall_aircore_mixed_frontside_chirp_300x300_z3_20260125_215815.tdms,90,0,0,,,,,
HallAirCore/Mixed/Gauss/hall_aircore_mixed_frontside_gaussian_300x300_z1_20260124_195609.tdms,270,0,0,,,,,
HallAirCore/Mixed/Gauss/hall_aircore_mixed_frontside_gaussian_300x300_z2_20260125_104829.tdms,270,0,0,,,,,
HallAirCore/Mixed/Gauss/hall_aircore_mixed_frontside_gaussian_300x300_z3_20260125_183338.tdms,270,0,0,,,,,
HallAirCore/Mixed/Square/hall_aircore_mixed_frontside_square_300x300_z1_20260124_094326.tdms,270,0,0,,,,,
HallAirCore/Mixed/Square/hall_aircore_mixed_frontside_square_300x300_z2_20260124_130703.tdms,270,0,0,,,,,
HallAirCore/Mixed/Square/hall_aircore_mixed_frontside_square_300x300_z3_20260124_163137.tdms,270,0,0,,,,,
HallAirCore/Rivet/Chirp/hall_aircore_rivet_frontside_chirp_300x300_500_1500hz_z1_20260123_202334.tdms,180,0,0,,,,,
HallAirCore/Rivet/Chirp/hall_aircore_rivet_frontside_chirp_300x300_500_1500hz_z2_20260123_234705.tdms,180,0,0,,,,,
HallAirCore/Rivet/Chirp/hall_aircore_rivet_frontside_chirp_300x300_500_1500hz_z3_20260124_031140.tdms,180,0,0,,,,,
HallAirCore/Rivet/Gauss/hall_aircore_rivet_frontside_gaussian_300x300_1000hz_z2_20260123_133421.tdms,180,0,0,,,,,
HallAirCore/Rivet/Gauss/hall_aircore_rivet_frontside_gaussian_300x300_1000hz_z3_20260123_165901.tdms,180,0,0,,,,,
HallAirCore/Rivet/Gauss/hall_aircore_rivet_frontside_gaussian_300x300_z1_20260122_181524.tdms,180,0,0,,,,,
HallAirCore/Rivet/Square/hall_aircore_rivet_frontside_square_300x300_200hz_z2_20260123_100946.tdms,180,0,0,,,,,
HallAirCore/Rivet/Square/hall_aircore_rivet_frontside_square_300x300_z1_20260122_112723.tdms,180,0,0,,,,,
HallAirCore/Rivet/Square/hall_aircore_rivet_frontside_square_300x300_z3_20260122_145053.tdms,180,0,0,,,,,
HallPotCore/Corrosion/ChirpBackside/corosion_backside_chirp_300x300_z1_20260109_123611.tdms,270,0,0,,,,,
HallPotCore/Corrosion/ChirpBackside/corosion_backside_chirp_300x300_z2_20260109_155949.tdms,270,0,0,,,,,
HallPotCore/Corrosion/ChirpBackside/corosion_backside_chirp_300x300_z3_20260109_200429.tdms,270,0,0,,,,,
HallPotCore/Corrosion/ChirpFrontside/corosion_frontside_chirp_300x300_f500hz_f1500hz_amp2.97_z1mm_20260107_061143.tdms,0,0,0,,,,,
HallPotCore/Corrosion/ChirpFrontside/corosion_frontside_chirp_300x300_f500hz_f1500hz_amp2.97_z2mm_20260107_093447.tdms,0,0,0,,,,,
HallPotCore/Corrosion/ChirpFrontside/corosion_frontside_chirp_300x300_f500hz_f1500hz_amp2.97_z3mm_20260108_113146.tdms,0,0,0,,,,,
HallPotCore/Corrosion/GaussBackside/corosion_backside_gaussian_300x300_z1_20260109_020243.tdms,270,0,0,,,,,
HallPotCore/Corrosion/GaussBackside/corosion_backside_gaussian_300x300_z2_20260109_052615.tdms,270,0,0,,,,,
HallPotCore/Corrosion/GaussBackside/corosion_backside_gaussian_300x300_z3_20260109_091129.tdms,270,0,0,,,,,
HallPotCore/Corrosion/GaussFrontside/corosion_frontside_gaussian_300x300_1khz_amp3.88_z1mm_20260106_200028.tdms,0,0,0,,,,,
HallPotCore/Corrosion/GaussFrontside/corosion_frontside_gaussian_300x300_1khz_amp3.88_z2mm_20260106_232414.tdms,0,0,0,,,,,
HallPotCore/Corrosion/GaussFrontside/corosion_frontside_gaussian_300x300_1khz_amp3.88_z3mm_20260107_024823.tdms,0,0,0,,,,,
HallPotCore/Corrosion/SquareBackside/corosion_backside_square_300x300_z1_20260108_154956.tdms,270,0,0,,,,,
HallPotCore/Corrosion/SquareBackside/corosion_backside_square_300x300_z2_20260108_191331.tdms,270,0,0,,,,,
HallPotCore/Corrosion/SquareBackside/corosion_backside_square_300x300_z3_20260108_223808.tdms,270,0,0,,,,,
HallPotCore/Corrosion/SquareFrontside/corosion_frontside_square_300x300_200Hz_2.1_z1mm.tdms_20260105_125851.tdms,0,0,0,,,,,
HallPotCore/Corrosion/SquareFrontside/corosion_frontside_square_300x300_200hz_amp2.1_z2mm_20260106_085451.tdms,0,0,0,,,,,
HallPotCore/Corrosion/SquareFrontside/corosion_frontside_square_300x300_200hz_amp2.1_z3mm_20260106_121905.tdms,0,0,0,,,,,
HallPotCore/Mixed/ChirpFrontside/mixed_frontside_chirp_300x300_z1_20260113_141252.tdms,0,0,0,,,,,
HallPotCore/Mixed/ChirpFrontside/mixed_frontside_chirp_300x300_z2_20260116_155733.tdms,0,0,0,,,,,
HallPotCore/Mixed/ChirpFrontside/mixed_frontside_chirp_300x300_z3_20260116_192213.tdms,0,0,0,,,,,
HallPotCore/Mixed/GaussFrontside/mixed_frontside_gaussian_300x300_z1_20260113_023614.tdms,0,0,0,,,,,
HallPotCore/Mixed/GaussFrontside/mixed_frontside_gaussian_300x300_z2_20260113_055945.tdms,0,0,0,,,,,
HallPotCore/Mixed/GaussFrontside/mixed_frontside_gaussian_300x300_z3_20260113_092420.tdms,0,0,0,,,,,
HallPotCore/Mixed/SquareFrontside/mixed_frontside_square_300x300_z1_20260112_125721.tdms,0,0,0,,,,,
HallPotCore/Mixed/SquareFrontside/mixed_frontside_square_300x300_z2_20260112_194705.tdms,0,0,0,,,,,
HallPotCore/Mixed/SquareFrontside/mixed_frontside_square_300x300_z3_20260112_231140.tdms,0,0,0,,,,,
HallPotCore/Rivet/ChirpFrontside/rivet_frontside_chirp_300x300_z1_20260111_120745.tdms,180,0,0,,,,,
HallPotCore/Rivet/ChirpFrontside/rivet_frontside_chirp_300x300_z2_20260111_163904.tdms,180,0,0,,,,,
HallPotCore/Rivet/ChirpFrontside/rivet_frontside_chirp_300x300_z3_20260111_200343.tdms,180,0,0,,,,,
HallPotCore/Rivet/GaussFrontside/rivet_frontside_gaussian_300x300_1khz_z1_20260111_015456.tdms,180,0,0,,,,,
HallPotCore/Rivet/GaussFrontside/rivet_frontside_gaussian_300x300_1khz_z2_20260111_051829.tdms,180,0,0,,,,,
HallPotCore/Rivet/GaussFrontside/rivet_frontside_gaussian_300x300_1khz_z3_20260111_084303.tdms,180,0,0,,,,,
HallPotCore/Rivet/SquareFrontside/rivet_frontside_square_300x300_z1_20260119_191806.tdms,180,0,1,,,,,
HallPotCore/Rivet/SquareFrontside/rivet_frontside_square_300x300_z2_20260110_190533.tdms,180,0,0,,,,,
TMR/Corrosion/ChirpBackside/tmr_corosion_backside_chirp_300x300_z1_20260129_192246.tdms,270,0,0,,,,,
TMR/Corrosion/ChirpBackside/tmr_corosion_backside_chirp_300x300_z2_20260130_121753.tdms,270,0,0,,,,,
TMR/Corrosion/ChirpBackside/tmr_corosion_backside_chirp_300x300_z3_20260130_165505.tdms,270,0,0,,,,,
TMR/Corrosion/ChirpFrontside/tmr_corosion_frontside_chirp_300x300_z1_20260128_015728.tdms,0,0,0,,,,,
TMR/Corrosion/ChirpFrontside/tmr_corosion_frontside_chirp_300x300_z2_20260128_052059.tdms,0,0,0,,,,,
TMR/Corrosion/ChirpFrontside/tmr_corosion_frontside_chirp_300x300_z3_20260128_084535.tdms,0,0,0,,,,,
TMR/Corrosion/GaussBackside/tmr_corosion_backside_gaussian_300x300_z1_20260128_234813.tdms,270,0,0,,,,,
TMR/Corrosion/GaussBackside/tmr_corosion_backside_gaussian_300x300_z2_20260129_123332.tdms,270,0,0,,,,,
TMR/Corrosion/GaussBackside/tmr_corosion_backside_gaussian_300x300_z3_20260129_155806.tdms,270,0,0,,,,,
TMR/Corrosion/GaussFrontside/tmr_corosion_frontside_gaussian_300x300_z1_20260127_154450.tdms,0,0,0,,,,,
TMR/Corrosion/GaussFrontside/tmr_corosion_frontside_gaussian_300x300_z2_20260127_190822.tdms,0,0,0,,,,,
TMR/Corrosion/GaussFrontside/tmr_corosion_frontside_gaussian_300x300_z3_20260127_223255.tdms,0,0,0,,,,,
TMR/Corrosion/SquareBackside/tmr_corosion_backside_square_300x300_z1_20260128_122351.tdms,270,0,0,,,,,
TMR/Corrosion/SquareBackside/tmr_corosion_backside_square_300x300_z2_20260130_085317.tdms,270,0,0,,,,,
TMR/Corrosion/SquareBackside/tmr_corosion_backside_square_300x300_z3_20260128_202340.tdms,270,0,0,,,,,
TMR/Corrosion/SquareFrontside/tmr_corosion_frontside_square_300x300_z1_20260126_190655.tdms,0,1,0,,,,,
TMR/Corrosion/SquareFrontside/tmr_corosion_frontside_square_300x300_z2_20260127_085536.tdms,0,0,0,,,,,
TMR/Corrosion/SquareFrontside/tmr_corosion_frontside_square_300x300_z3_20260127_122012.tdms,0,0,0,,,,,
TMR/Mixed/Chirp/tmr_potcore_mixed_frontside_chirp_300x300_2.97_500_1500hz_z1_20260204_093801.tdms,270,0,0,,,,,
TMR/Mixed/Chirp/tmr_potcore_mixed_frontside_chirp_300x300_2.97_500_1500hz_z2_20260204_180705.tdms,270,0,0,,,,,
TMR/Mixed/Chirp/tmr_potcore_mixed_frontside_chirp_300x300_2.97_500_1500hz_z3_20260204_213137.tdms,270,0,0,,,,,
TMR/Mixed/Gauss/tmr_potcore_mixed_frontside_gaussian_300x300_3.88_1000hz_z1_20260205_141017.tdms,270,0,0,,,,,
TMR/Mixed/Gauss/tmr_potcore_mixed_frontside_gaussian_300x300_3.88_1000hz_z2_20260204_024848.tdms,270,0,0,,,,,
TMR/Mixed/Gauss/tmr_potcore_mixed_frontside_gaussian_300x300_3.88_1000hz_z3_20260204_061325.tdms,270,0,0,,,,,
TMR/Mixed/Square/tmr_potcore_mixed_frontside_square_300x300_2.1_200hz_z1_20260203_090623.tdms,270,0,0,,,,,
TMR/Mixed/Square/tmr_potcore_mixed_frontside_square_300x300_2.1_200hz_z2_20260203_125232.tdms,270,0,0,,,,,
TMR/Mixed/Square/tmr_potcore_mixed_frontside_square_300x300_2.1_200hz_z3_20260203_200047.tdms,270,0,0,,,,,
TMR/Rivet/Chirp/tmr_rivet_frontside_chirp_300x300_f500_1500_z1_20260201_235200.tdms,0,0,0,,,,,
TMR/Rivet/Chirp/tmr_rivet_frontside_chirp_300x300_f500_1500_z2_20260202_031530.tdms,0,0,0,,,,,
TMR/Rivet/Chirp/tmr_rivet_frontside_chirp_300x300_f500_1500_z3_20260202_064002.tdms,0,0,0,,,,,
TMR/Rivet/Gauss/tmr_rivet_frontside_gaussian_300x300_1000hz_z1_20260202_100624.tdms,0,0,0,,,,,
TMR/Rivet/Gauss/tmr_rivet_frontside_gaussian_300x300_1000hz_z2_20260202_132958.tdms,0,0,0,,,,,
TMR/Rivet/Gauss/tmr_rivet_frontside_gaussian_300x300_1000hz_z3_20260202_165433.tdms,0,0,0,,,,,
TMR/Rivet/Square/tmr_rivet_frontside_square_300x300_200hz_z1_20260131_074757.tdms,0,0,0,,,,,
TMR/Rivet/Square/tmr_rivet_frontside_square_300x300_200hz_z2_20260131_230930.tdms,0,0,0,,,,,
TMR/Rivet/Square/tmr_rivet_frontside_square_300x300_200hz_z3_20260201_101443.tdms,0,0,0,,,,,
Differential/Corrosion/ChirpBackside/diff_corosion_backside_chirp_1mm_S2_20260612_181812.tdms,270,0,1,,,,,
Differential/Corrosion/ChirpBackside/diff_corosion_backside_chirp_2mm_S2_20260613_010532.tdms,270,0,1,,,,,
Differential/Corrosion/ChirpBackside/diff_corosion_backside_chirp_3mm_S2_20260613_043138.tdms,270,0,1,,,,,
Differential/Corrosion/ChirpFrontside/diff_corosion_frontside_chp_z1_S2_20260610_122754.tdms,90,0,0,,,,,
Differential/Corrosion/ChirpFrontside/diff_corosion_frontside_chp_z2_S2_20260610_155250.tdms,90,0,0,,,,,
Differential/Corrosion/ChirpFrontside/diff_corosion_frontside_chp_z3_S2_20260610_192254.tdms,90,0,0,,,,,
Differential/Corrosion/GaussBackside/diff_corosion_backside_gaussian_1khz_1mm_S2_20260611_194513.tdms,270,0,1,,,,,
Differential/Corrosion/GaussBackside/diff_corosion_backside_gaussian_1khz_2mm_S2_20260612_100434.tdms,270,0,1,,,,,
Differential/Corrosion/GaussBackside/diff_corosion_backside_gaussian_1khz_3mm_S2_20260612_145154.tdms,270,0,1,,,,,
Differential/Corrosion/GaussFrontside/diff_corosion_frontside_gau_1khz_z1_S2_20260609_122630.tdms,90,0,0,,,,,
Differential/Corrosion/GaussFrontside/diff_corosion_frontside_gau_1khz_z2_S2_20260609_155033.tdms,90,0,0,,,,,
Differential/Corrosion/GaussFrontside/diff_corosion_frontside_gau_1khz_z3_S2_20260609_191603.tdms,90,0,0,,,,,
Differential/Corrosion/SquareBackside/diff_corosion_backside_square_200hz_1mm_S2_20260611_092914.tdms,270,0,1,,,,,
Differential/Corrosion/SquareBackside/diff_corosion_backside_square_200hz_2mm_S2_20260611_125409.tdms,270,0,1,,,,,
Differential/Corrosion/SquareBackside/diff_corosion_backside_square_200hz_3mm_S2_20260611_161956.tdms,270,0,1,,,,,
Differential/Corrosion/SquareFrontside/diff_corosion_frontside_sq_200hz_z1_S2_20260608_114707.tdms,90,0,0,,,,,
Differential/Corrosion/SquareFrontside/diff_corosion_frontside_sq_200hz_z2_S2_20260608_162721.tdms,90,0,0,,,,,
Differential/Corrosion/SquareFrontside/diff_corosion_frontside_sq_200hz_z3_S2_20260609_090011.tdms,90,0,0,,,,,
Differential/Mixed/Chirp/diff_mixed_frontside_chirp_500-1500hz_1mm_S2_20260617_113652.tdms,90,0,0,,,,,
Differential/Mixed/Chirp/diff_mixed_frontside_chirp_500-1500hz_2mm_S2_20260617_150137.tdms,90,0,0,,,,,
Differential/Mixed/Chirp/diff_mixed_frontside_chirp_500-1500hz_3mm_S2_20260617_182713.tdms,90,0,0,,,,,
Differential/Mixed/Gauss/diff_mixed_frontside_gaussian_1khz_1mm_S2_20260616_235150.tdms,90,0,0,,,,,
Differential/Mixed/Gauss/diff_mixed_frontside_gaussian_1khz_2mm_S2_20260617_031627.tdms,90,0,0,,,,,
Differential/Mixed/Gauss/diff_mixed_frontside_gaussian_1khz_3mm_S2_20260617_064147.tdms,90,0,0,,,,,
Differential/Mixed/Square/diff_mixed_frontside_sq_200hz_z1_S2_20260614_225145.tdms,90,0,0,,,,,
Differential/Mixed/Square/diff_mixed_frontside_sq_200hz_z2_S2_20260616_121957.tdms,90,0,0,,,,,
Differential/Mixed/Square/diff_mixed_frontside_square_200hz_3mm_S2_20260616_193500.tdms,90,0,0,,,,,
Differential/Rivet/Chirp/diff_rivet_frontside_chirp_1mm_S2_20260614_110628.tdms,90,0,0,,,,,
Differential/Rivet/Chirp/diff_rivet_frontside_chirp_2mm_S2_20260614_145634.tdms,90,0,0,,,,,
Differential/Rivet/Chirp/diff_rivet_frontside_chirp_3mm_S2_20260614_182219.tdms,90,0,0,,,,,
Differential/Rivet/Gauss/diff_rivet_frontside_gauss_1khz_1mm_S2_20260614_005200.tdms,90,0,0,,,,,
Differential/Rivet/Gauss/diff_rivet_frontside_gauss_1khz_2mm_S2_20260614_041558.tdms,90,0,0,,,,,
Differential/Rivet/Gauss/diff_rivet_frontside_gauss_1khz_3mm_S2_20260614_074113.tdms,90,0,0,,,,,
Differential/Rivet/Square/diff_rivet_frontside_sq_200hz_1mm_S2_20260613_143233.tdms,90,0,0,,,,,
Differential/Rivet/Square/diff_rivet_frontside_sq_200hz_2mm_S2_20260613_180008.tdms,90,0,0,,,,,
Differential/Rivet/Square/diff_rivet_frontside_sq_200hz_3mm_S2_20260613_212544.tdms,90,0,0,,,,,
HallPotCore/Rivet/SquareFrontside/rivet_frontside_square_300x300_z3_20260119_154600.tdms,90,0,0,,,,,
